"Name","Email","Password","System IP","Active"
"Approver User","approver@example.com","Welcome37@","172.16.3.10","1"
"Armando Kolm","armando.kolm@example.com","Welcome38@","172.16.3.11","1"
"Armando Papik","armando.papik@example.com","Welcome39@?","172.16.3.12","1"
"Ashley Leonesio","ashley.leonesio@example.com","Welcome40@","172.16.3.13","1"
"Asset Manager","itam@examplecom","Welcome41@","172.16.3.14","1"
"ATF User","ATF.User@now.com","Welcome42@","172.16.3.15","1"
"Athena Fontanilla","athena.fontanilla@example.com","Welcome43@.....","172.16.3.16","1"
"Audra Cantu","audra.cantuexample.com","welcome44@","172.16.3.17","1"
"Avery Parbol","averyparbol@example.com","WELCOME45@","172.16.3.18","1"
"Barbara Hindley","barbara.hindley@example.com","Welcome46@","172.16.3","1"
"Bart Hachey","bart.hachey@example.com","Welcome47@","172.16.3.20.999","1"
"Barton Friesner","barton.friesner@example.com","Wel48@","172.16.3.21","1"
"Benchmark Scheduler","","Welcome49@","172.16.3.22","1"
"Benjamin Schkade","benjamin.schkade@example.com","Welcome50@","172.16.3.23","1"
"Bernard Laboy","bernard.laboy@example.com","Welcome51@","172.16.3.24","1"
"Bert Schadle","bert.schadle@example.com","Welcome52@","172.16.3.25",""
"Berta Karczewski","berta.karczewski@example.com","Welcome@","172.16.3.26","1"
"Bertie Luby","bertie.luby@example.com","Welcome54@","172.16.3.27",""
"Bertram Quertermous","bertram  quertermous@example","Welcome55@","172.16.3.28","1"
"Bess Marso","bess.marso@example.com","Welcome56@","172.16.3.29",""
"Beth Anglin","beth.anglin user@example.com","Welcome57@","172.16.3.30","1"
"Bette Barcelona","bette.barcelona@example.com","Welcome58@","172.16.3.31","1"
"Beverley Bunche","beverley.bunche@example.com","Welcome59@","172.16.3.32","1"
"Beverly Cambel","beverly.cambel@example.com","Welcome60@","172.16.3.33","1"
