"Name","Email","Password","System IP","Active"
"Carol Coughlin","carol.coughlin@example.com","Welcome86@","172.16.3.59",""
"Carol Krisman","carol.krisman@example.comnn","Welcome87@","y.y.y.y","1"
"Carolina Kinlaw","carolina.kinlaw@example.com","Welcome88@","172.16.3.61","1"
"Cary Mccamey","cary.mccamey@example.com","Welcome89@?","210.11","1"
"Cathryn Nicolaus","cathryn.nicolaus@example.com","Welcome90@","172.16.3.63","1"
"Celia Slavin","celia.slavin@example.com","Welcome91@.....","172.16.3.64","1"
"Certification Admin","certification.adminexample.com","Welcome92@","172.16.3.65","1"
"Certification User","certificationexample.com","Welcome93@","666.10.10.20","1"
"Chad Araiza","chad.araiza@example","welcome94@","172.16.3.67","1"
"Chad Miklas","chad.miklas@example.com","Welcome95@","172.16.3.68",""
"Change Manager","change.manager@example.com","Welcome96@?","172.16.3.69","1"
"Charity Dyckman","charitydyckman@example.com","Welcome97@","172.16.3.70","1"
"Charles Beckley","charles.beckley@example.com","Welcome98@","172.16.3.71","1"
"Charlie Whitherspoon","charlie.whitherspoon@example.com","Welcome99@","172.16.3.72","1"
"Chase Furler","chase.furler@example.com","WELCOME100@","172.16.3.73","1"
"Cherie Fuhri","cherie.fuhri@example.com","Welcome101@","172.16.3.74","1"
"Cherie Schronce","cherie.schronce@example.com","Welcome102@","172.16.3.75","1"
"Chi Greenlaw","chi.greenlaw@example.com","Welcome103@","172.16.3.76","1"
"Christa Bodenschatz","christa   bodenschatz@example.com","Welcome104@","172.16.3.77",""
"Christen Mitchell","christen.mitchell@example.com","Wel105@","172.16.3.78","1"
"Christian Marnell","christian.marnell@example.com","elcome106@","172.16.3.79","1"
"Chuck Farley","chuck.farley@example .com","Welcome107@","172.16.3.80","1"
"Claire Moyerman","claire.moyerman@example.com","Welcome108@","172.16.3.81","1"
"Clarice Knower","clarice.knower@example.com","Welcome109@","172.16.3.82","1"
"Claudio Loose","claudio.loose@example.com","Welcome110@","172.16.3.83",""
